,Nikkei,USDJPY,Dow
Nikkei,1.0,0.7140254798801086,0.926104488148128
USDJPY,0.7140254798801086,1.0,0.5704175608594332
Dow,0.926104488148128,0.5704175608594332,1.0
