,Nikkei,USDJPY,Dow
Nikkei,1.0,0.6663294764788947,0.9011493708269499
USDJPY,0.6663294764788947,1.0,0.4586217072611901
Dow,0.9011493708269499,0.4586217072611901,1.0
