,Nikkei,USDJPY,Dow
Nikkei,1.0,0.2789433584664501,0.5749903004405296
USDJPY,0.2789433584664501,1.0,-0.011749866256486732
Dow,0.5749903004405296,-0.011749866256486732,1.0
