,Nikkei,USDJPY,Dow
Nikkei,1.0,0.6579320759135586,0.9021923927325021
USDJPY,0.6579320759135586,1.0,0.44759655903819995
Dow,0.9021923927325021,0.44759655903819995,1.0
