,Nikkei,USDJPY,Dow
Nikkei,1.0,0.2970327887065002,0.6512621310592116
USDJPY,0.2970327887065002,1.0,0.17446110798367126
Dow,0.6512621310592116,0.17446110798367126,1.0
