,Nikkei,USDJPY,Dow
Nikkei,1.0,0.12761724600410182,0.19109305189086737
USDJPY,0.12761724600410182,1.0,0.15527075478095895
Dow,0.19109305189086737,0.15527075478095895,1.0
